<?xml version="1.0" encoding="UTF-8"?>
<project-private xmlns="http://www.netbeans.org/ns/project-private/1">
    <editor-bookmarks xmlns="http://www.netbeans.org/ns/editor-bookmarks/2" lastBookmarkId="0"/>
    <open-files xmlns="http://www.netbeans.org/ns/projectui-open-files/2">
        <group>
            <file>file:/C:/Users/90545/Documents/NetBeansProjects/proLab3/src/Admin.java</file>
            <file>file:/C:/Users/90545/Documents/NetBeansProjects/proLab3/src/KullaniciMenu.java</file>
            <file>file:/C:/Users/90545/Documents/NetBeansProjects/proLab3/src/Albumler.java</file>
            <file>file:/C:/Users/90545/Documents/NetBeansProjects/proLab3/src/Kullanicilar.java</file>
            <file>file:/C:/Users/90545/Documents/NetBeansProjects/proLab3/src/Giris.java</file>
            <file>file:/C:/Users/90545/Documents/NetBeansProjects/proLab3/src/DbHelper.java</file>
        </group>
    </open-files>
</project-private>
